Date,Open,High,Low,Close,Adj Close,Volume,Ticker
2022-10-24,172.0800018310547,174.6699981689453,171.61000061035156,173.1300048828125,160.09519958496094,7007700.0,CVX
2022-10-25,173.05999755859375,175.0,172.1699981689453,174.92999267578125,161.75967407226562,7280600.0,CVX
2022-10-26,175.32000732421875,178.47999572753906,175.1699981689453,177.08999633789062,163.75704956054688,6865300.0,CVX
2022-10-27,179.88999938964844,181.3999938964844,177.47999572753906,177.89999389648438,164.50607299804688,9177400.0,CVX
2022-10-28,181.47000122070312,182.8600006103516,176.52999877929688,179.97999572753906,166.42945861816406,10773900.0,CVX
2022-10-31,178.05999755859375,183.83999633789065,178.05999755859375,180.8999938964844,167.28018188476562,13281000.0,CVX
2022-11-01,183.8699951171875,184.5,181.8999938964844,182.22000122070312,168.50083923339844,9185600.0,CVX
2022-11-02,180.92999267578125,182.8999938964844,178.27000427246094,178.5,165.0609130859375,8087500.0,CVX
2022-11-03,177.97000122070312,182.19000244140625,177.41000366210938,181.1300048828125,167.49288940429688,6607800.0,CVX
2022-11-04,184.83999633789065,185.3999938964844,180.6000061035156,183.4199981689453,169.6104736328125,7491900.0,CVX
2022-11-07,182.5,186.3800048828125,182.1100006103516,185.6100006103516,171.63560485839844,7578000.0,CVX
2022-11-08,185.32000732421875,186.25,183.8600006103516,185.33999633789065,171.3859405517578,6308200.0,CVX
2022-11-09,183.6100006103516,183.80999755859372,177.22000122070312,177.92999267578125,164.53382873535156,8021700.0,CVX
2022-11-10,182.22999572753903,182.3300018310547,178.0399932861328,181.3000030517578,167.6501007080078,6981500.0,CVX
2022-11-11,184.0500030517578,187.1000061035156,183.88999938964844,186.4600067138672,172.421630859375,8428300.0,CVX
2022-11-14,186.30999755859372,189.67999267578125,186.17999267578125,186.5500030517578,172.50482177734375,9722400.0,CVX
2022-11-15,187.1199951171875,188.44000244140625,185.2700042724609,188.0500030517578,173.89190673828125,7747300.0,CVX
2022-11-16,186.5399932861328,187.82000732421875,183.67999267578125,184.9900054931641,171.06228637695312,7941100.0,CVX
2022-11-17,181.50999450683597,184.22999572753903,180.2700042724609,184.08999633789065,171.54684448242188,6550500.0,CVX
2022-11-18,180.9600067138672,183.41000366210935,179.64999389648438,182.9900054931641,170.52178955078125,7661500.0,CVX
2022-11-21,179.72999572753906,181.6999969482422,175.82000732421875,181.2400054931641,168.8910369873047,8432900.0,CVX
2022-11-22,183.75,186.55999755859372,183.0800018310547,185.88999938964844,173.22418212890625,9018000.0,CVX
2022-11-23,183.2100067138672,185.1499938964844,182.5800018310547,184.2400054931641,171.68663024902344,5831200.0,CVX
2022-11-25,184.88999938964844,185.3000030517578,183.30999755859372,183.6999969482422,171.1833953857422,2796400.0,CVX
2022-11-28,180.27999877929688,181.47000122070312,177.9600067138672,178.36000061035156,166.20726013183594,9365500.0,CVX
2022-11-29,180.25999450683597,181.8500061035156,179.64999389648438,181.02999877929688,168.69534301757812,6985400.0,CVX
2022-11-30,182.8500061035156,183.33999633789065,179.6199951171875,183.30999755859372,170.8199920654297,10936700.0,CVX
2022-12-01,184.25999450683597,184.5500030517578,181.44000244140625,182.4900054931641,170.0558624267578,5217400.0,CVX
2022-12-02,181.52999877929688,183.6300048828125,179.92999267578125,181.02999877929688,168.69534301757812,6852300.0,CVX
2022-12-05,182.6699981689453,182.9499969482422,174.6300048828125,176.55999755859375,164.5299072265625,8162200.0,CVX
2022-12-06,175.50999450683594,178.05999755859375,171.1199951171875,172.00999450683594,160.28993225097656,8765000.0,CVX
2022-12-07,171.05999755859375,174.5800018310547,170.85000610351562,172.52000427246094,160.7651824951172,6936300.0,CVX
2022-12-08,176.25,176.39999389648438,172.02999877929688,173.5399932861328,161.71568298339844,8076600.0,CVX
2022-12-09,172.3000030517578,173.19000244140625,167.92999267578125,168.0,156.55316162109375,10754300.0,CVX
2022-12-12,168.92999267578125,170.52000427246094,167.7100067138672,169.75,158.18392944335938,9364900.0,CVX
2022-12-13,173.57000732421875,174.4600067138672,172.47999572753906,173.52999877929688,161.70635986328125,7838800.0,CVX
2022-12-14,174.49000549316406,174.9199981689453,171.27000427246094,172.3300018310547,160.58810424804688,7045500.0,CVX
2022-12-15,170.60000610351562,171.3699951171875,168.05999755859375,171.0399932861328,159.38600158691406,7272900.0,CVX
2022-12-16,168.52999877929688,170.14999389648438,167.10000610351562,168.72000122070312,157.2240753173828,23876000.0,CVX
2022-12-19,170.11000061035156,170.82000732421875,168.25,169.8800048828125,158.3050537109375,7131600.0,CVX
2022-12-20,169.80999755859375,173.2899932861328,169.60000610351562,172.6699981689453,160.9049530029297,6199100.0,CVX
2022-12-21,175.19000244140625,175.9600067138672,173.16000366210938,174.6999969482422,162.79664611816406,5479400.0,CVX
2022-12-22,175.16000366210938,175.2100067138672,168.3300018310547,172.0800018310547,160.35516357421875,5755000.0,CVX
2022-12-23,174.10000610351562,177.5800018310547,173.69000244140625,177.39999389648438,165.31268310546875,6079100.0,CVX
2022-12-27,178.36000061035156,180.22999572753903,177.39999389648438,179.6300048828125,167.39073181152344,5168000.0,CVX
2022-12-28,178.86000061035156,179.3000030517578,175.92999267578125,176.97999572753906,164.9213104248047,4494400.0,CVX
2022-12-29,176.64999389648438,179.1999969482422,176.64999389648438,178.32000732421875,166.1699981689453,4142100.0,CVX
2022-12-30,178.02999877929688,179.9499969482422,177.6999969482422,179.49000549316406,167.26028442382812,5005100.0,CVX
2023-01-03,178.0399932861328,179.0,171.50999450683594,173.99000549316406,162.13504028320312,7565400.0,CVX
2023-01-04,170.9499969482422,174.2899932861328,170.85000610351562,172.13999938964844,160.4110565185547,7684500.0,CVX
2023-01-05,171.5,176.19000244140625,171.24000549316406,175.24000549316406,163.2998504638672,6088200.0,CVX
2023-01-06,177.02000427246094,179.38999938964844,175.6999969482422,176.55999755859375,164.5299072265625,7191200.0,CVX
2023-01-09,178.25999450683594,178.3300018310547,174.3800048828125,175.17999267578125,163.24392700195312,8385600.0,CVX
2023-01-10,176.39999389648438,176.7100067138672,173.72000122070312,176.0399932861328,164.04531860351562,8307000.0,CVX
2023-01-11,177.88999938964844,178.13999938964844,174.3000030517578,175.1999969482422,163.2625732421875,6962600.0,CVX
2023-01-12,175.99000549316406,178.3699951171875,175.89999389648438,177.0800018310547,165.0144805908203,6891400.0,CVX
2023-01-13,177.08999633789062,177.99000549316406,175.67999267578125,177.55999755859375,165.46176147460938,5726300.0,CVX
2023-01-17,178.44000244140625,181.32000732421875,178.17999267578125,180.4900054931641,168.19215393066406,10697700.0,CVX
2023-01-18,180.82000732421875,182.3800048828125,176.94000244140625,177.22999572753906,165.1542510986328,8899200.0,CVX
2023-01-19,176.61000061035156,179.9499969482422,176.16000366210938,179.0,166.80364990234375,5907200.0,CVX
2023-01-20,178.80999755859375,181.3600006103516,177.52000427246094,180.8999938964844,168.5741729736328,10477900.0,CVX
2023-01-23,181.2100067138672,182.5500030517578,180.02999877929688,180.66000366210935,168.35055541992188,8381300.0,CVX
2023-01-24,181.08999633789065,182.0,178.6999969482422,180.8300018310547,168.50897216796875,5989000.0,CVX
2023-01-25,179.2899932861328,180.02999877929688,176.35000610351562,179.0800018310547,166.87818908691406,6727500.0,CVX
2023-01-26,184.9900054931641,187.80999755859372,183.47999572753903,187.7899932861328,174.9947509765625,14307800.0,CVX
2023-01-27,184.22999572753903,184.22999572753903,177.9199981689453,179.4499969482422,167.22299194335938,19654700.0,CVX
2023-01-30,178.0,178.33999633789062,173.6699981689453,174.1999969482422,162.33070373535156,11476000.0,CVX
2023-01-31,172.75,174.6300048828125,171.4199981689453,174.02000427246094,162.1629638671875,14481300.0,CVX
2023-02-01,173.30999755859375,173.66000366210938,169.5399932861328,171.36000061035156,159.68421936035156,11526400.0,CVX
2023-02-02,171.1300048828125,171.42999267578125,166.82000732421875,169.00999450683594,157.49432373046875,10463400.0,CVX
2023-02-03,169.86000061035156,171.5500030517578,168.49000549316406,169.4499969482422,157.9043426513672,8404900.0,CVX
2023-02-06,169.55999755859375,170.1199951171875,167.3699951171875,169.63999938964844,158.08140563964844,7659500.0,CVX
2023-02-07,170.07000732421875,174.38999938964844,169.61000061035156,174.08999633789062,162.22817993164062,10256500.0,CVX
2023-02-08,172.47999572753906,174.07000732421875,169.47000122070312,170.0,158.4168701171875,9784700.0,CVX
2023-02-09,170.22999572753906,170.66000366210938,168.0,168.44000244140625,156.9631805419922,10123400.0,CVX
2023-02-10,170.8000030517578,172.72999572753906,170.77999877929688,171.97000122070312,160.2526397705078,11602400.0,CVX
2023-02-13,171.32000732421875,171.89999389648438,169.77000427246094,171.00999450683594,159.35804748535156,9442900.0,CVX
2023-02-14,170.47999572753906,173.50999450683594,169.97999572753906,172.32000732421875,160.57879638671875,8077300.0,CVX
2023-02-15,169.39999389648438,169.52000427246094,167.5,169.00999450683594,158.88661193847656,8885700.0,CVX
2023-02-16,168.19000244140625,168.66000366210938,166.39999389648438,166.57000732421875,156.5927734375,6727500.0,CVX
2023-02-17,164.72999572753906,164.83999633789062,161.85000610351562,162.85000610351562,153.09559631347656,9612100.0,CVX
2023-02-21,162.17999267578125,163.75,160.6999969482422,161.0,151.3563995361328,7259700.0,CVX
2023-02-22,160.27999877929688,161.66000366210938,158.91000366210938,160.35000610351562,150.745361328125,6205900.0,CVX
2023-02-23,162.25,162.83999633789062,160.55999755859375,161.92999267578125,152.23069763183594,6445500.0,CVX
2023-02-24,160.77000427246094,162.60000610351562,159.14999389648438,162.41000366210938,152.68194580078125,5330200.0,CVX
2023-02-27,163.00999450683594,163.3699951171875,161.9199981689453,162.82000732421875,153.06736755371094,6386800.0,CVX
2023-02-28,164.32000732421875,164.32000732421875,160.27999877929688,160.77000427246094,151.14019775390625,10854200.0,CVX
2023-03-01,160.9199981689453,163.58999633789062,160.58999633789062,162.0500030517578,152.343505859375,7470400.0,CVX
2023-03-02,161.97999572753906,163.49000549316406,161.58999633789062,162.55999755859375,152.8229522705078,5582000.0,CVX
2023-03-03,160.8699951171875,165.5800018310547,160.4199981689453,164.9600067138672,155.0792236328125,6007500.0,CVX
2023-03-06,164.33999633789062,166.8000030517578,163.80999755859375,166.1699981689453,156.21670532226562,7703600.0,CVX
2023-03-07,165.6999969482422,166.60000610351562,163.5800018310547,164.02999877929688,154.20489501953125,7393000.0,CVX
2023-03-08,163.22999572753906,165.2899932861328,161.3800048828125,162.99000549316406,153.2272186279297,5435800.0,CVX
2023-03-09,163.7899932861328,165.49000549316406,160.19000244140625,160.50999450683594,150.895751953125,6214700.0,CVX
2023-03-10,160.94000244140625,164.6699981689453,158.6699981689453,159.6699981689453,150.10604858398438,7385800.0,CVX
2023-03-13,156.44000244140625,160.9499969482422,153.8000030517578,158.7100067138672,149.20358276367188,10106100.0,CVX
2023-03-14,158.25999450683594,164.02000427246094,157.8800048828125,160.75999450683594,151.13075256347656,10035200.0,CVX
2023-03-15,155.58999633789062,157.9499969482422,152.00999450683594,153.8000030517578,144.58766174316406,14063100.0,CVX
2023-03-16,150.16000366210938,155.47000122070312,149.91000366210938,154.2899932861328,145.0482940673828,12849600.0,CVX
2023-03-17,153.6199951171875,155.3800048828125,150.60000610351562,152.33999633789062,143.21511840820312,33161800.0,CVX
2023-03-20,151.74000549316406,155.77999877929688,151.2899932861328,154.5800018310547,145.32093811035156,8469200.0,CVX
2023-03-21,157.16000366210938,159.57000732421875,156.47000122070312,159.30999755859375,149.7676239013672,9753500.0,CVX
2023-03-22,159.8699951171875,160.05999755859375,155.92999267578125,156.07000732421875,146.72171020507812,6315000.0,CVX
2023-03-23,157.02000427246094,158.75999450683594,153.13999938964844,154.52000427246094,145.2645263671875,7859400.0,CVX
2023-03-24,152.10000610351562,156.64999389648438,151.8300018310547,156.05999755859375,146.71229553222656,6600100.0,CVX
2023-03-27,157.39999389648438,158.47999572753906,155.69000244140625,157.64999389648438,148.20704650878906,7006800.0,CVX
2023-03-28,157.27999877929688,160.19000244140625,156.67999267578125,159.49000549316406,149.93685913085938,5605400.0,CVX
2023-03-29,160.6199951171875,161.32000732421875,159.3300018310547,160.86000061035156,151.22479248046875,7569700.0,CVX
2023-03-30,162.25,163.00999450683594,161.5800018310547,162.38999938964844,152.66314697265625,6322400.0,CVX
2023-03-31,162.6999969482422,163.72000122070312,162.14999389648438,163.16000366210938,153.38702392578125,7041400.0,CVX
2023-04-03,169.8000030517578,171.10000610351562,168.9199981689453,169.9499969482422,159.77029418945312,12868200.0,CVX
2023-04-04,171.13999938964844,171.13999938964844,167.72000122070312,169.0399932861328,158.91482543945312,7521400.0,CVX
2023-04-05,169.25999450683594,170.44000244140625,167.74000549316406,169.8800048828125,159.70449829101562,6478100.0,CVX
2023-04-06,169.35000610351562,169.41000366210938,167.1300048828125,167.64999389648438,157.60809326171875,5803200.0,CVX
2023-04-10,168.49000549316406,169.67999267578125,167.30999755859375,168.2899932861328,158.20974731445312,5923500.0,CVX
2023-04-11,169.07000732421875,170.33999633789062,168.07000732421875,169.22000122070312,159.0840301513672,5469600.0,CVX
2023-04-12,170.4499969482422,171.1199951171875,169.47000122070312,169.82000732421875,159.64810180664062,6157900.0,CVX
2023-04-13,170.25,172.47000122070312,169.82000732421875,172.08999633789062,161.78211975097656,6856600.0,CVX
2023-04-14,172.5,172.8800048828125,171.22000122070312,172.44000244140625,162.1111602783203,4930700.0,CVX
2023-04-17,172.38999938964844,172.5399932861328,170.22000122070312,170.9199981689453,160.68222045898438,7006000.0,CVX
2023-04-18,170.82000732421875,172.38999938964844,170.1300048828125,170.52000427246094,160.30616760253906,8045600.0,CVX
2023-04-19,169.4600067138672,170.74000549316406,169.10000610351562,170.67999267578125,160.45657348632812,5506800.0,CVX
2023-04-20,168.75999450683594,170.05999755859375,168.02000427246094,169.85000610351562,159.67630004882812,5851100.0,CVX
2023-04-21,169.8300018310547,170.58999633789062,168.83999633789062,169.1199951171875,158.99002075195312,7179000.0,CVX
2023-04-24,169.10000610351562,172.3800048828125,168.5800018310547,171.47999572753906,161.20867919921875,7177600.0,CVX
2023-04-25,170.32000732421875,170.39999389648438,168.42999267578125,168.99000549316406,158.86781311035156,5807200.0,CVX
2023-04-26,168.2100067138672,168.9499969482422,165.22999572753906,165.97999572753906,156.03811645507812,5927400.0,CVX
2023-04-27,166.42999267578125,167.38999938964844,165.07000732421875,166.9499969482422,156.95001220703125,6417200.0,CVX
2023-04-28,164.5,168.94000244140625,164.0500030517578,168.5800018310547,158.4823760986328,10033600.0,CVX
2023-05-01,167.7100067138672,168.72999572753906,166.36000061035156,167.24000549316406,157.22264099121094,6099800.0,CVX
2023-05-02,165.32000732421875,165.3800048828125,158.4499969482422,160.0399932861328,150.45388793945312,10701700.0,CVX
2023-05-03,158.14999389648438,159.57000732421875,156.74000549316406,156.8300018310547,147.43618774414062,7538100.0,CVX
2023-05-04,157.11000061035156,158.1999969482422,155.4199981689453,156.22000122070312,146.8627166748047,7500400.0,CVX
2023-05-05,159.3000030517578,161.1199951171875,158.77999877929688,160.2100067138672,150.6137237548828,5801500.0,CVX
2023-05-08,161.57000732421875,162.3000030517578,159.52000427246094,159.5800018310547,150.02146911621094,5028200.0,CVX
2023-05-09,158.11000061035156,160.4199981689453,157.91000366210938,159.1199951171875,149.58900451660156,5019800.0,CVX
2023-05-10,160.44000244140625,160.44000244140625,155.8800048828125,157.08999633789062,147.6806182861328,6161200.0,CVX
2023-05-11,155.3800048828125,156.32000732421875,153.88999938964844,156.22000122070312,146.8627166748047,6666100.0,CVX
2023-05-12,157.0,157.92999267578125,155.55999755859375,156.6199951171875,147.23875427246094,4897500.0,CVX
2023-05-15,157.22999572753906,158.16000366210938,156.22999572753906,157.1999969482422,147.7840118408203,5096700.0,CVX
2023-05-16,156.47999572753906,157.02000427246094,153.3300018310547,153.50999450683594,144.3150177001953,7007700.0,CVX
2023-05-17,154.7899932861328,156.4199981689453,153.9600067138672,155.7100067138672,146.38327026367188,6169600.0,CVX
2023-05-18,152.8699951171875,154.24000549316406,151.52999877929688,154.00999450683594,146.202880859375,7477700.0,CVX
2023-05-19,154.88999938964844,156.44000244140625,153.99000549316406,155.22999572753906,147.36105346679688,8099200.0,CVX
2023-05-22,153.7899932861328,154.8300018310547,152.08999633789062,152.44000244140625,144.71246337890625,11661000.0,CVX
2023-05-23,154.13999938964844,157.67999267578125,153.83999633789062,156.85000610351562,148.89891052246094,10436200.0,CVX
2023-05-24,157.9499969482422,158.57000732421875,156.2899932861328,157.27000427246094,149.29763793945312,7064000.0,CVX
2023-05-25,154.67999267578125,155.6300048828125,153.5,154.55999755859375,146.72500610351562,7037700.0,CVX
2023-05-26,155.2899932861328,155.6300048828125,153.4600067138672,154.0800018310547,146.26934814453125,7736200.0,CVX
2023-05-30,151.6699981689453,153.25999450683594,151.2100067138672,153.1199951171875,145.35801696777344,7814800.0,CVX
2023-05-31,151.5399932861328,152.4199981689453,150.36000061035156,150.6199951171875,142.9847412109375,13346400.0,CVX
2023-06-01,151.3000030517578,153.74000549316406,149.74000549316406,152.16000366210938,144.44667053222656,9887700.0,CVX
2023-06-02,154.5800018310547,156.75,153.61000061035156,156.25999450683594,148.33883666992188,9460100.0,CVX
2023-06-05,158.4499969482422,158.4499969482422,155.24000549316406,155.50999450683594,147.62684631347656,6443800.0,CVX
2023-06-06,153.3300018310547,156.16000366210938,153.1999969482422,155.7899932861328,147.8926544189453,6176400.0,CVX
2023-06-07,156.5500030517578,160.2100067138672,156.5,159.8300018310547,151.7278594970703,9900000.0,CVX
2023-06-08,160.16000366210938,160.49000549316406,157.08999633789062,159.24000549316406,151.1677703857422,7142200.0,CVX
2023-06-09,159.27999877929688,160.38999938964844,158.6199951171875,158.86000061035156,150.80702209472656,6669500.0,CVX
2023-06-12,157.05999755859375,159.3300018310547,156.22999572753906,157.3300018310547,149.35459899902344,7159600.0,CVX
2023-06-13,158.52000427246094,160.5800018310547,158.27000427246094,158.50999450683594,150.4747772216797,7660800.0,CVX
2023-06-14,159.97999572753906,160.77000427246094,156.14999389648438,157.08999633789062,149.1267547607422,7721100.0,CVX
2023-06-15,157.32000732421875,159.7899932861328,157.32000732421875,158.27999877929688,150.25643920898438,7705400.0,CVX
2023-06-16,158.57000732421875,159.24000549316406,157.25999450683594,157.25999450683594,149.28814697265625,22908100.0,CVX
2023-06-20,156.14999389648438,156.57000732421875,152.24000549316406,153.67999267578125,145.88961791992188,10438700.0,CVX
2023-06-21,152.6699981689453,155.9600067138672,152.5,154.8800048828125,147.02879333496094,7328200.0,CVX
2023-06-22,153.35000610351562,153.58999633789062,151.97000122070312,152.63999938964844,144.90234375,7088600.0,CVX
2023-06-23,151.00999450683594,151.6999969482422,150.1300048828125,151.35000610351562,143.677734375,15172700.0,CVX
2023-06-26,151.6199951171875,154.97000122070312,151.5399932861328,154.00999450683594,146.202880859375,7371800.0,CVX
2023-06-27,153.5,154.7100067138672,152.82000732421875,153.52999877929688,145.74720764160156,6581700.0,CVX
2023-06-28,153.44000244140625,155.02000427246094,152.19000244140625,154.9199981689453,147.0667724609375,5773800.0,CVX
2023-06-29,155.42999267578125,156.27000427246094,154.44000244140625,156.24000549316406,148.31985473632812,5633500.0,CVX
2023-06-30,157.4600067138672,157.9199981689453,156.60000610351562,157.35000610351562,149.3735809326172,6346600.0,CVX
2023-07-03,157.17999267578125,158.10000610351562,156.6999969482422,157.2100067138672,149.24069213867188,3272600.0,CVX
2023-07-05,157.6999969482422,157.6999969482422,155.1199951171875,156.30999755859375,148.38629150390625,6318700.0,CVX
2023-07-06,155.1999969482422,155.8300018310547,151.6300048828125,152.8800048828125,145.13018798828125,9203000.0,CVX
2023-07-07,152.13999938964844,155.99000549316406,151.9600067138672,154.22000122070312,146.40225219726562,6601300.0,CVX
2023-07-10,153.92999267578125,155.7899932861328,153.9199981689453,155.25,147.38003540039062,5167900.0,CVX
2023-07-11,156.0,158.41000366210938,155.66000366210938,158.1199951171875,150.1045379638672,5061500.0,CVX
2023-07-12,159.22000122070312,160.33999633789062,158.3300018310547,159.63999938964844,151.5474853515625,6464000.0,CVX
2023-07-13,159.83999633789062,160.60000610351562,156.57000732421875,157.50999450683594,149.5254669189453,8143900.0,CVX
2023-07-14,157.00999450683594,157.02000427246094,153.3000030517578,153.5800018310547,145.794677734375,7051300.0,CVX
2023-07-17,153.35000610351562,154.13999938964844,152.63999938964844,153.44000244140625,145.66180419921875,4351700.0,CVX
2023-07-18,152.6699981689453,156.07000732421875,152.3699951171875,153.75,145.95606994628906,6798700.0,CVX
2023-07-19,153.8300018310547,155.77999877929688,153.27999877929688,154.69000244140625,146.8484344482422,5653100.0,CVX
2023-07-20,156.16000366210938,157.19000244140625,155.7100067138672,156.39999389648438,148.4717254638672,5866600.0,CVX
2023-07-21,157.52999877929688,158.8300018310547,157.05999755859375,158.69000244140625,150.64564514160156,8753500.0,CVX
2023-07-24,160.47000122070312,164.0399932861328,160.00999450683594,161.82000732421875,153.6169891357422,9722100.0,CVX
2023-07-25,161.91000366210938,163.50999450683594,160.66000366210938,162.55999755859375,154.3194580078125,6767600.0,CVX
2023-07-26,160.8800048828125,162.08999633789062,160.5500030517578,161.33999633789062,153.16131591796875,6056400.0,CVX
2023-07-27,162.08999633789062,162.47000122070312,159.22000122070312,159.66000366210938,151.5664825439453,6470100.0,CVX
2023-07-28,158.41000366210938,159.0,156.50999450683594,158.8699951171875,150.81651306152344,6542300.0,CVX
2023-07-31,161.1300048828125,163.97999572753906,160.6199951171875,163.66000366210938,155.3637237548828,13056300.0,CVX
2023-08-01,163.63999938964844,163.63999938964844,160.5500030517578,162.3000030517578,154.07264709472656,7531400.0,CVX
2023-08-02,161.1699981689453,161.22000122070312,158.05999755859375,159.72999572753906,151.6329345703125,7067100.0,CVX
2023-08-03,159.91000366210938,161.6999969482422,158.85000610351562,159.6699981689453,151.57595825195312,6680700.0,CVX
2023-08-04,160.66000366210938,163.02000427246094,159.0399932861328,159.30999755859375,151.23422241210938,10182300.0,CVX
2023-08-07,161.00999450683594,161.3800048828125,159.0800018310547,159.88999938964844,151.78482055664062,13927400.0,CVX
2023-08-08,157.94000244140625,159.7899932861328,156.22000122070312,159.64999389648438,151.55699157714844,6451300.0,CVX
2023-08-09,160.86000061035156,161.44000244140625,159.30999755859375,159.86000061035156,151.75634765625,10531500.0,CVX
2023-08-10,160.3300018310547,162.47999572753906,159.6199951171875,160.8300018310547,152.6771697998047,8647100.0,CVX
2023-08-11,160.5,164.1699981689453,160.17999267578125,164.14999389648438,155.82887268066406,6680300.0,CVX
2023-08-14,163.77000427246094,164.25,162.61000061035156,164.02999877929688,155.71493530273438,6060100.0,CVX
2023-08-15,163.39999389648438,163.41000366210938,159.10000610351562,159.24000549316406,151.1677703857422,7876500.0,CVX
2023-08-16,160.52000427246094,161.8300018310547,158.47000122070312,158.6300048828125,150.5886993408203,7920500.0,CVX
2023-08-17,159.17999267578125,162.13999938964844,158.97000122070312,159.75,153.10935974121094,8270500.0,CVX
2023-08-18,158.3800048828125,161.32000732421875,158.16000366210938,160.89999389648438,154.2115478515625,5998600.0,CVX
2023-08-21,161.1999969482422,162.07000732421875,159.4499969482422,160.36000061035156,153.69400024414062,6802300.0,CVX
2023-08-22,160.49000549316406,161.25,158.97000122070312,159.0399932861328,152.42886352539062,6081700.0,CVX
2023-08-23,158.13999938964844,159.41000366210938,156.6999969482422,159.25,152.63015747070312,4975600.0,CVX
2023-08-24,157.72999572753906,159.88999938964844,157.55999755859375,157.94000244140625,151.37460327148438,5989600.0,CVX
2023-08-25,159.07000732421875,159.91000366210938,157.64999389648438,159.1199951171875,152.5055389404297,5291800.0,CVX
2023-08-28,159.52999877929688,161.8000030517578,159.22000122070312,160.2100067138672,153.5502471923828,4386100.0,CVX
2023-08-29,160.91000366210938,160.9499969482422,159.10000610351562,159.9600067138672,153.31063842773438,5374800.0,CVX
2023-08-30,160.58999633789062,161.25,159.92999267578125,160.17999267578125,153.521484375,5534900.0,CVX
2023-08-31,161.00999450683594,161.24000549316406,159.92999267578125,161.10000610351562,154.40325927734375,7003700.0,CVX
2023-09-01,162.63999938964844,164.69000244140625,162.63999938964844,164.3000030517578,157.47023010253906,6660400.0,CVX
2023-09-05,165.27999877929688,167.55999755859375,165.1999969482422,166.4600067138672,159.54043579101562,9755800.0,CVX
2023-09-06,166.27999877929688,167.44000244140625,165.5800018310547,166.6300048828125,159.703369140625,7195500.0,CVX
2023-09-07,167.13999938964844,167.89999389648438,166.27999877929688,166.63999938964844,159.7129669189453,7925900.0,CVX
2023-09-08,167.4199981689453,168.49000549316406,166.7100067138672,167.2100067138672,160.25926208496094,7434400.0,CVX
2023-09-11,168.0800018310547,168.58999633789062,162.8699951171875,163.75999450683594,156.9526824951172,7155100.0,CVX
2023-09-12,165.3000030517578,167.19000244140625,165.10000610351562,166.80999755859375,159.87588500976562,7521100.0,CVX
2023-09-13,167.41000366210938,167.75,165.5800018310547,166.1999969482422,159.291259765625,5759500.0,CVX
2023-09-14,167.6999969482422,168.5,167.1199951171875,167.22999572753906,160.27842712402344,8822800.0,CVX
2023-09-15,166.2100067138672,168.3699951171875,165.8800048828125,166.5,159.57876586914062,17266500.0,CVX
2023-09-18,167.8699951171875,168.36000061035156,166.39999389648438,167.22000122070312,160.26885986328125,7027600.0,CVX
2023-09-19,168.69000244140625,168.9600067138672,166.42999267578125,167.1999969482422,160.2496795654297,6615100.0,CVX
2023-09-20,167.07000732421875,168.50999450683594,166.60000610351562,166.69000244140625,159.76087951660156,5939100.0,CVX
2023-09-21,167.1199951171875,167.8699951171875,165.0500030517578,165.19000244140625,158.32322692871094,7150000.0,CVX
2023-09-22,166.22999572753906,167.4199981689453,165.94000244140625,166.27999877929688,159.367919921875,5963000.0,CVX
2023-09-25,166.3300018310547,168.77999877929688,165.99000549316406,168.7100067138672,161.69691467285156,5510000.0,CVX
2023-09-26,167.44000244140625,168.41000366210938,166.97999572753906,167.8000030517578,160.82473754882812,5659200.0,CVX
2023-09-27,169.3699951171875,171.22999572753906,168.80999755859375,171.0399932861328,163.93003845214844,9124400.0,CVX
2023-09-28,170.5500030517578,171.6999969482422,169.42999267578125,170.58999633789062,163.49876403808594,7151800.0,CVX
2023-09-29,170.49000549316406,170.5,167.82000732421875,168.6199951171875,161.6106414794922,7395200.0,CVX
2023-10-02,168.33999633789062,168.57000732421875,165.22999572753906,166.5399932861328,159.61712646484375,6839600.0,CVX
2023-10-03,165.9199981689453,167.36000061035156,165.50999450683594,166.92999267578125,159.9908905029297,6168600.0,CVX
2023-10-04,164.6999969482422,164.97999572753906,161.49000549316406,163.0399932861328,156.26260375976562,9664700.0,CVX
2023-10-05,161.4199981689453,164.75,161.38999938964844,163.89999389648438,157.0868377685547,8073000.0,CVX
2023-10-06,164.30999755859375,164.3699951171875,158.99000549316406,162.22999572753906,155.4862823486328,10187400.0,CVX
2023-10-09,166.3800048828125,168.19000244140625,164.9499969482422,166.72000122070312,159.7896270751953,8183500.0,CVX
2023-10-10,166.77000427246094,167.39999389648438,165.67999267578125,166.5399932861328,159.61712646484375,6512900.0,CVX
2023-10-11,165.07000732421875,165.0800018310547,160.47999572753906,161.10000610351562,154.40325927734375,12570700.0,CVX
2023-10-12,163.25999450683594,163.25999450683594,160.89999389648438,161.22999572753906,154.52784729003906,7397000.0,CVX
2023-10-13,163.41000366210938,164.83999633789062,162.3000030517578,164.05999755859375,157.2401885986328,8042800.0,CVX
2023-10-16,165.33999633789062,165.80999755859375,163.85000610351562,165.39999389648438,158.52450561523438,5446000.0,CVX
2023-10-17,164.8300018310547,168.1999969482422,164.64999389648438,167.58999633789062,160.62347412109375,7538300.0,CVX
2023-10-18,168.47000122070312,169.6999969482422,167.5800018310547,168.9199981689453,161.89816284179688,6893500.0,CVX
2023-10-19,168.6999969482422,170.1699981689453,167.50999450683594,169.10000610351562,162.07070922851562,6580200.0,CVX
2023-10-20,168.41000366210938,169.10000610351562,166.10000610351562,166.8300018310547,159.89505004882812,7457300.0,CVX
2023-10-23,163.3000030517578,164.42999267578125,160.25,160.67999267578125,154.0006866455078,16232400.0,CVX
2023-10-24,160.88999938964844,161.0800018310547,156.47000122070312,156.64999389648438,150.13821411132812,17689900.0,CVX
2023-10-25,156.94000244140625,157.41000366210938,155.1699981689453,155.8699951171875,149.3906707763672,10502400.0,CVX
2023-10-26,155.00999450683594,155.17999267578125,153.6300048828125,154.75,148.3172149658203,10830400.0,CVX
2023-10-27,150.72000122070312,151.25,143.9600067138672,144.35000610351562,138.34951782226562,24524300.0,CVX
2023-10-30,145.66000366210938,146.44000244140625,144.32000732421875,146.08999633789062,140.01719665527344,13857100.0,CVX
2023-10-31,146.10000610351562,146.52000427246094,144.22999572753906,145.72999572753906,139.6721649169922,14261300.0,CVX
2023-11-01,145.97999572753906,146.00999450683594,143.82000732421875,143.97999572753906,137.99490356445312,10819600.0,CVX
2023-11-02,144.5399932861328,149.0,143.8300018310547,148.75999450683594,142.57618713378906,11099100.0,CVX
2023-11-03,148.3000030517578,148.55999755859375,146.14999389648438,147.61000061035156,141.47401428222656,13153000.0,CVX
2023-11-06,148.72999572753906,149.3300018310547,146.69000244140625,147.0,140.88937377929688,10634200.0,CVX
2023-11-07,145.16000366210938,145.61000061035156,143.24000549316406,144.41000366210938,138.40704345703125,15054600.0,CVX
2023-11-08,143.8800048828125,144.64999389648438,142.25,142.39999389648438,136.48057556152344,12654100.0,CVX
2023-11-09,143.0500030517578,143.91000366210938,141.77999877929688,141.94000244140625,136.03970336914062,10359500.0,CVX
2023-11-10,143.2899932861328,143.44000244140625,141.72999572753906,142.9499969482422,137.00770568847656,11988200.0,CVX
2023-11-13,143.14999389648438,144.3000030517578,142.85000610351562,144.0,138.01406860351562,8747700.0,CVX
2023-11-14,144.47999572753906,145.5,143.86000061035156,145.0500030517578,139.02044677734375,11224400.0,CVX
2023-11-15,144.86000061035156,146.63999938964844,144.41000366210938,145.55999755859375,139.5092315673828,10052100.0,CVX
2023-11-16,143.02000427246094,143.50999450683594,140.74000549316406,141.77000427246094,137.3011016845703,14031300.0,CVX
2023-11-17,142.9499969482422,145.19000244140625,142.39999389648438,144.4600067138672,139.90631103515625,11075600.0,CVX
2023-11-20,144.6300048828125,145.69000244140625,144.27000427246094,144.3800048828125,139.82884216308594,8062400.0,CVX
2023-11-21,143.8300018310547,144.3000030517578,142.6999969482422,144.0399932861328,139.49954223632812,6783300.0,CVX
2023-11-22,141.74000549316406,144.38999938964844,140.72000122070312,144.3300018310547,139.7803955078125,7216100.0,CVX
2023-11-24,144.3000030517578,145.94000244140625,144.1999969482422,144.89999389648438,140.33241271972656,3861000.0,CVX
2023-11-27,144.64999389648438,144.82000732421875,142.85000610351562,144.36000061035156,139.8094482421875,9850800.0,CVX
2023-11-28,144.77999877929688,146.52000427246094,144.05999755859375,145.50999450683594,140.92320251464844,9746500.0,CVX
2023-11-29,146.38999938964844,146.49000549316406,143.05999755859375,143.91000366210938,139.37364196777344,16417100.0,CVX
2023-11-30,144.97999572753906,146.00999450683594,142.02999877929688,143.60000610351562,139.07342529296875,16276000.0,CVX
2023-12-01,143.49000549316406,146.50999450683594,142.60000610351562,144.80999755859375,140.24526977539062,11905500.0,CVX
2023-12-04,144.0,145.6999969482422,143.25,144.8699951171875,140.30337524414062,11842800.0,CVX
2023-12-05,144.75999450683594,145.07000732421875,142.6300048828125,142.86000061035156,138.3567352294922,9597600.0,CVX
2023-12-06,141.89999389648438,144.02999877929688,141.35000610351562,142.52999877929688,138.03713989257812,18079700.0,CVX
2023-12-07,143.50999450683594,144.00999450683594,140.99000549316406,142.4199981689453,137.93060302734375,14786700.0,CVX
2023-12-08,143.50999450683594,144.6699981689453,143.1199951171875,144.30999755859375,139.7610321044922,10820300.0,CVX
2023-12-11,144.83999633789062,145.39999389648438,143.82000732421875,144.35000610351562,139.79977416992188,9849600.0,CVX
2023-12-12,143.1699981689453,143.58999633789062,141.75,142.5,138.0081024169922,9863900.0,CVX
2023-12-13,142.1699981689453,144.67999267578125,141.64999389648438,144.61000061035156,140.0515594482422,10641300.0,CVX
2023-12-14,145.85000610351562,149.92999267578125,145.85000610351562,149.92999267578125,145.20387268066406,14960500.0,CVX
2023-12-15,147.32000732421875,149.82000732421875,147.32000732421875,149.35000610351562,144.6421661376953,30848700.0,CVX
2023-12-18,150.8300018310547,152.1199951171875,149.32000732421875,149.67999267578125,144.96176147460938,11561700.0,CVX
2023-12-19,149.9600067138672,151.8300018310547,149.49000549316406,151.63999938964844,146.85997009277344,8738100.0,CVX
2023-12-20,152.14999389648438,153.05999755859375,150.05999755859375,150.25,145.51377868652344,9370000.0,CVX
2023-12-21,150.77999877929688,150.8000030517578,149.22000122070312,150.7100067138672,145.9593048095703,7264700.0,CVX
2023-12-22,151.74000549316406,152.38999938964844,150.75,151.0500030517578,146.28857421875,6394600.0,CVX
2023-12-26,152.07000732421875,153.00999450683594,151.89999389648438,152.41000366210938,147.60569763183594,5165600.0,CVX
2023-12-27,152.27000427246094,152.97000122070312,151.33999633789062,151.91000366210938,147.1214599609375,5337200.0,CVX
2023-12-28,151.17999267578125,152.02000427246094,149.39999389648438,149.77000427246094,145.04893493652344,8148000.0,CVX
2023-12-29,150.02999877929688,150.22999572753906,148.6699981689453,149.16000366210938,144.45814514160156,7653800.0,CVX
2024-01-02,149.99000549316406,151.47999572753906,149.24000549316406,149.47999572753906,144.76805114746094,8879700.0,CVX
2024-01-03,149.38999938964844,153.19000244140625,148.67999267578125,152.3300018310547,147.52822875976562,10255300.0,CVX
2024-01-04,153.66000366210938,154.35000610351562,150.58999633789062,150.66000366210938,145.91087341308594,8220300.0,CVX
2024-01-05,151.97999572753906,152.02999877929688,149.8300018310547,150.39999389648438,145.6590576171875,7455100.0,CVX
2024-01-08,148.4199981689453,149.6999969482422,146.5800018310547,149.5,144.78744506835938,10038200.0,CVX
2024-01-09,149.9499969482422,149.9499969482422,145.58999633789062,145.6999969482422,141.10720825195312,11784700.0,CVX
2024-01-10,146.02000427246094,146.02000427246094,144.11000061035156,144.5,139.9450225830078,8490400.0,CVX
2024-01-11,145.55999755859375,146.1699981689453,144.6199951171875,145.27999877929688,140.700439453125,8612500.0,CVX
2024-01-12,147.8300018310547,148.5,146.1699981689453,147.27000427246094,142.6277313232422,9382800.0,CVX
2024-01-16,146.50999450683594,146.5800018310547,143.5800018310547,143.69000244140625,139.1605682373047,9380400.0,CVX
2024-01-17,142.4199981689453,144.02000427246094,142.0399932861328,143.1199951171875,138.6085205078125,8167000.0,CVX
2024-01-18,143.0,143.19000244140625,139.6199951171875,141.82000732421875,137.3495330810547,11187800.0,CVX
2024-01-19,141.72999572753906,142.25,141.00999450683594,142.24000549316406,137.75628662109375,11178900.0,CVX
2024-01-22,141.91000366210938,142.66000366210938,140.9199981689453,142.49000549316406,137.99839782714844,9184600.0,CVX
2024-01-23,141.99000549316406,143.3300018310547,141.89999389648438,142.08999633789062,137.6110076904297,6767200.0,CVX
2024-01-24,142.6999969482422,144.97999572753906,142.22000122070312,144.9199981689453,140.351806640625,8100000.0,CVX
2024-01-25,146.22000122070312,148.69000244140625,145.22999572753906,148.57000732421875,143.8867645263672,9773600.0,CVX
2024-01-26,148.02999877929688,149.25999450683594,146.97999572753906,149.13999938964844,144.4387664794922,9151900.0,CVX
2024-01-29,149.08999633789062,149.22000122070312,147.11000061035156,149.0800018310547,144.3806610107422,10494800.0,CVX
2024-01-30,148.17999267578125,150.30999755859375,147.7100067138672,150.1199951171875,145.38787841796875,9902900.0,CVX
2024-01-31,150.3699951171875,150.3800048828125,147.33999633789062,147.42999267578125,142.7826690673828,10428000.0,CVX
2024-02-01,148.19000244140625,149.02000427246094,146.52000427246094,147.88999938964844,143.22817993164062,8641100.0,CVX
2024-02-02,150.86000061035156,153.3800048828125,149.5500030517578,152.24000549316406,147.44105529785156,12838400.0,CVX
2024-02-05,151.6199951171875,153.50999450683594,150.7899932861328,152.3300018310547,147.52822875976562,8277800.0,CVX
2024-02-06,152.5,153.5399932861328,151.80999755859375,152.35000610351562,147.54759216308594,6198200.0,CVX
2024-02-07,153.02000427246094,153.77999877929688,151.1699981689453,152.1300048828125,147.3345184326172,6252000.0,CVX
2024-02-08,151.9499969482422,154.3000030517578,151.64999389648438,154.05999755859375,149.20367431640625,9237000.0,CVX
2024-02-09,154.4199981689453,155.32000732421875,150.97999572753906,151.0399932861328,146.2788848876953,9194500.0,CVX
2024-02-12,151.6199951171875,152.61000061035156,151.38999938964844,152.0800018310547,147.28610229492188,6713000.0,CVX
2024-02-13,152.6199951171875,153.07000732421875,149.60000610351562,150.60000610351562,145.85276794433594,6987100.0,CVX
2024-02-14,151.27999877929688,152.1999969482422,150.0800018310547,151.00999450683594,146.2498321533203,5995100.0,CVX
2024-02-15,149.91000366210938,155.08999633789062,149.6699981689453,154.4600067138672,151.223388671875,8950300.0,CVX
2024-02-16,155.3699951171875,155.77000427246094,154.08999633789062,154.6300048828125,151.38983154296875,7569000.0,CVX
2024-02-20,155.47000122070312,155.61000061035156,153.8300018310547,154.0,150.77301025390625,6977900.0,CVX
2024-02-21,154.57000732421875,155.57000732421875,154.10000610351562,155.44000244140625,152.18284606933594,6630100.0,CVX
2024-02-22,154.82000732421875,156.6300048828125,153.8300018310547,155.42999267578125,152.17303466796875,8874900.0,CVX
2024-02-23,154.8699951171875,154.9199981689453,153.25,154.66000366210938,151.419189453125,6561600.0,CVX
2024-02-26,154.5399932861328,155.5500030517578,153.8300018310547,154.4499969482422,151.21359252929688,6900800.0,CVX
2024-02-27,153.1999969482422,153.8800048828125,149.89999389648438,152.16000366210938,148.97158813476562,15093800.0,CVX
2024-02-28,152.36000061035156,153.86000061035156,151.77999877929688,152.33999633789062,149.14779663085938,6715900.0,CVX
2024-02-29,152.91000366210938,153.24000549316406,151.47999572753906,152.00999450683594,148.82470703125,9334400.0,CVX
2024-03-01,153.0500030517578,154.35000610351562,152.25,152.80999755859375,149.6079559326172,7458700.0,CVX
2024-03-04,152.5,152.58999633789062,147.6699981689453,148.8800048828125,145.76031494140625,12503200.0,CVX
2024-03-05,148.8300018310547,150.6199951171875,148.3000030517578,149.58999633789062,146.45542907714844,6985500.0,CVX
2024-03-06,150.8300018310547,152.41000366210938,148.13999938964844,148.3300018310547,145.22183227539062,14692100.0,CVX
2024-03-07,148.5,150.75,148.4499969482422,149.3699951171875,146.2400360107422,8739300.0,CVX
2024-03-08,149.3699951171875,149.99000549316406,148.38999938964844,149.8800048828125,146.73936462402344,7527400.0,CVX
2024-03-11,150.5,152.0800018310547,149.58999633789062,152.0,148.81494140625,7577100.0,CVX
2024-03-12,151.8300018310547,152.57000732421875,150.7899932861328,151.88999938964844,148.70724487304688,6432900.0,CVX
2024-03-13,153.24000549316406,154.8800048828125,153.14999389648438,153.88999938964844,150.66531372070312,8065600.0,CVX
2024-03-14,153.77000427246094,155.72999572753906,152.75999450683594,155.6999969482422,152.43740844726562,9047200.0,CVX
2024-03-15,155.19000244140625,157.0399932861328,154.4199981689453,155.5500030517578,152.29054260253906,20379100.0,CVX
2024-03-18,156.02999877929688,156.6699981689453,154.94000244140625,155.41000366210938,152.1534881591797,7242700.0,CVX
2024-03-19,155.3000030517578,156.83999633789062,155.00999450683594,156.6199951171875,153.33811950683594,7736700.0,CVX
2024-03-20,155.75999450683594,156.42999267578125,154.22999572753906,154.5500030517578,151.31149291992188,8449100.0,CVX
2024-03-21,154.9499969482422,155.69000244140625,154.41000366210938,154.86000061035156,151.61500549316406,7899100.0,CVX
2024-03-22,155.0800018310547,155.27999877929688,154.16000366210938,154.66000366210938,151.419189453125,5973700.0,CVX
2024-03-25,155.47999572753906,157.30999755859375,155.27000427246094,156.47000122070312,153.19126892089844,6058700.0,CVX
2024-03-26,156.52000427246094,156.86000061035156,154.64999389648438,155.27000427246094,152.0164031982422,6677900.0,CVX
2024-03-27,154.8699951171875,156.44000244140625,154.85000610351562,156.35000610351562,153.07379150390625,7416900.0,CVX
2024-03-28,157.14999389648438,158.19000244140625,156.3699951171875,157.74000549316406,154.43466186523438,8331600.0,CVX
2024-04-01,158.27000427246094,159.58999633789062,156.94000244140625,159.0800018310547,155.74656677246094,6285700.0,CVX
2024-04-02,160.0500030517578,161.22000122070312,159.02000427246094,159.77999877929688,156.43191528320312,8815400.0,CVX
2024-04-03,160.10000610351562,160.9499969482422,159.72000122070312,160.44000244140625,157.0780792236328,7819700.0,CVX
2024-04-04,160.8000030517578,161.9499969482422,159.82000732421875,160.69000244140625,157.3228302001953,9269700.0,CVX
2024-04-05,161.3300018310547,162.1699981689453,159.86000061035156,161.60000610351562,158.21377563476562,7429800.0,CVX
2024-04-08,161.64999389648438,162.5,160.3300018310547,161.27000427246094,157.89068603515625,7253200.0,CVX
2024-04-09,161.85000610351562,162.52999877929688,160.4600067138672,162.0,158.6053924560547,6577400.0,CVX
2024-04-10,162.2100067138672,162.77000427246094,161.00999450683594,162.6699981689453,159.26133728027344,7525800.0,CVX
2024-04-11,163.6199951171875,163.6199951171875,159.8000030517578,161.88999938964844,158.4976806640625,7682500.0,CVX
2024-04-12,162.2899932861328,163.8699951171875,158.0399932861328,158.9600067138672,155.6291046142578,11058800.0,CVX
2024-04-15,159.94000244140625,160.49000549316406,157.36000061035156,157.58999633789062,154.28778076171875,7236900.0,CVX
2024-04-16,157.3000030517578,157.80999755859375,155.4199981689453,156.27999877929688,153.0052490234375,5541900.0,CVX
2024-04-17,155.99000549316406,157.7100067138672,155.63999938964844,156.39999389648438,153.1227264404297,6733900.0,CVX
2024-04-18,157.13999938964844,158.0399932861328,156.38999938964844,157.57000732421875,154.26821899414062,4979200.0,CVX
2024-04-19,158.75,160.75,158.14999389648438,160.0,156.6472930908203,7733100.0,CVX
2024-04-22,159.9499969482422,162.6999969482422,158.44000244140625,161.9199981689453,158.5270538330078,6779200.0,CVX
2024-04-23,161.30999755859375,162.85000610351562,160.60000610351562,162.85000610351562,159.4375762939453,5597600.0,CVX
2024-04-24,161.8800048828125,163.83999633789062,161.4499969482422,163.57000732421875,160.14248657226562,7610300.0,CVX
2024-04-25,163.6999969482422,165.60000610351562,162.6699981689453,165.27999877929688,161.816650390625,9702600.0,CVX
2024-04-26,165.22999572753906,166.97999572753906,163.3000030517578,165.88999938964844,162.4138641357422,9736400.0,CVX
2024-04-29,165.91000366210938,167.11000061035156,164.69000244140625,166.3300018310547,162.8446502685547,6364000.0,CVX
2024-04-30,165.97000122070312,166.1199951171875,160.9499969482422,161.27000427246094,157.89068603515625,8457300.0,CVX
2024-05-01,160.77999877929688,161.4499969482422,158.89999389648438,159.6300048828125,156.28504943847656,7713700.0,CVX
2024-05-02,160.41000366210938,161.77999877929688,159.88999938964844,160.72999572753906,157.36199951171875,8597100.0,CVX
2024-05-03,160.66000366210938,160.66000366210938,157.0399932861328,160.25,156.89205932617188,11664500.0,CVX
2024-05-06,160.72999572753906,164.02000427246094,160.72999572753906,162.3000030517578,158.89910888671875,8430300.0,CVX
2024-05-07,162.30999755859375,163.14999389648438,162.02000427246094,162.6699981689453,159.26133728027344,6869900.0,CVX
2024-05-08,161.9499969482422,163.0800018310547,161.5399932861328,162.5399932861328,159.13406372070312,6706400.0,CVX
2024-05-09,163.02000427246094,165.50999450683594,162.72999572753906,165.4499969482422,161.98309326171875,6683300.0,CVX
2024-05-10,166.0399932861328,166.4199981689453,165.02000427246094,165.82000732421875,162.3453369140625,5490900.0,CVX
2024-05-13,166.47999572753906,166.91000366210938,162.97999572753906,164.52999877929688,161.08238220214844,6848300.0,CVX
2024-05-14,164.33999633789062,165.1999969482422,163.02000427246094,163.61000061035156,160.181640625,4924000.0,CVX
2024-05-15,163.1300048828125,163.8000030517578,160.1699981689453,163.0500030517578,159.6333770751953,7603100.0,CVX
2024-05-16,161.52999877929688,162.0,160.47999572753906,161.08999633789062,159.30703735351562,6409400.0,CVX
2024-05-17,161.75,162.97000122070312,161.19000244140625,162.6699981689453,160.8695526123047,5497900.0,CVX
2024-05-20,162.72000122070312,163.0,161.07000732421875,161.13999938964844,159.3564910888672,4913800.0,CVX
2024-05-21,160.5800018310547,161.4600067138672,159.74000549316406,159.97000122070312,158.19943237304688,4783300.0,CVX
2024-05-22,159.52000427246094,159.52000427246094,156.52000427246094,157.57000732421875,155.8260040283203,6260500.0,CVX
2024-05-23,157.9199981689453,158.60000610351562,156.3300018310547,156.94000244140625,155.20297241210938,6718400.0,CVX
2024-05-24,158.0800018310547,158.97000122070312,157.3000030517578,157.75,156.00401306152344,4476600.0,CVX
2024-05-28,158.1199951171875,159.4199981689453,157.9499969482422,159.0399932861328,157.27972412109375,6928300.0,CVX
2024-05-29,158.02000427246094,158.49000549316406,156.44000244140625,156.89999389648438,155.1634063720703,5909600.0,CVX
2024-05-30,156.85000610351562,158.4600067138672,156.80999755859375,158.25999450683594,156.50836181640625,6371200.0,CVX
2024-05-31,158.6300048828125,162.5800018310547,158.50999450683594,162.3000030517578,160.50364685058594,10334200.0,CVX
2024-06-03,161.49000549316406,161.67999267578125,156.4600067138672,157.4600067138672,155.71722412109375,9009900.0,CVX
2024-06-04,155.72000122070312,156.35000610351562,154.11000061035156,156.1300048828125,154.40194702148438,6360500.0,CVX
2024-06-05,156.16000366210938,157.02000427246094,154.52999877929688,154.97999572753906,153.26466369628906,7058500.0,CVX
2024-06-06,154.5,156.02000427246094,153.38999938964844,155.92999267578125,154.2041473388672,5215100.0,CVX
2024-06-07,155.7100067138672,157.69000244140625,155.1300048828125,156.0800018310547,154.3524932861328,5887700.0,CVX
2024-06-10,156.41000366210938,158.1999969482422,156.32000732421875,156.74000549316406,155.00518798828125,7075900.0,CVX
2024-06-11,156.1699981689453,156.75,154.47999572753906,156.49000549316406,154.75796508789062,5132000.0,CVX
2024-06-12,157.49000549316406,157.6300048828125,152.39999389648438,154.22000122070312,152.51307678222656,10017400.0,CVX
2024-06-13,153.77000427246094,154.08999633789062,152.22999572753906,152.83999633789062,151.14834594726562,6163000.0,CVX
2024-06-14,153.1300048828125,153.2899932861328,151.97000122070312,152.57000732421875,150.88134765625,6159100.0,CVX
2024-06-17,152.5,153.92999267578125,151.92999267578125,153.19000244140625,151.49447631835938,6321400.0,CVX
2024-06-18,153.5500030517578,155.9499969482422,152.83999633789062,153.3300018310547,151.6329345703125,6942900.0,CVX
2024-06-20,153.7100067138672,157.41000366210938,153.25,156.63999938964844,154.9062957763672,8336000.0,CVX
2024-06-21,156.8000030517578,157.6699981689453,155.22000122070312,155.27999877929688,153.56134033203125,21292100.0,CVX
2024-06-24,156.27000427246094,159.5399932861328,156.19000244140625,159.30999755859375,157.54673767089844,7971600.0,CVX
2024-06-25,159.1199951171875,159.36000061035156,157.6699981689453,158.4600067138672,156.70616149902344,6056700.0,CVX
2024-06-26,158.4600067138672,158.4600067138672,155.7899932861328,155.9499969482422,154.2239227294922,8637800.0,CVX
2024-06-27,156.6999969482422,156.94000244140625,155.63999938964844,156.32000732421875,154.58984375,5568700.0,CVX
2024-06-28,157.52000427246094,158.5800018310547,156.1699981689453,156.4199981689453,154.688720703125,11283400.0,CVX
2024-07-01,157.16000366210938,158.6999969482422,155.97999572753906,156.52000427246094,154.78762817382812,5584100.0,CVX
2024-07-02,157.67999267578125,157.72000122070312,155.4499969482422,156.75,155.01507568359375,7216800.0,CVX
2024-07-03,156.94000244140625,157.74000549316406,156.55999755859375,156.7100067138672,154.97552490234375,3264200.0,CVX
2024-07-05,156.5500030517578,156.5500030517578,153.67999267578125,154.30999755859375,152.60208129882812,6183100.0,CVX
2024-07-08,153.32000732421875,155.27999877929688,153.32000732421875,154.3300018310547,152.62185668945312,4990700.0,CVX
2024-07-09,153.0,154.75999450683594,152.35000610351562,152.97999572753906,151.28680419921875,5301600.0,CVX
2024-07-10,152.5,155.44000244140625,152.3000030517578,155.1300048828125,153.4130096435547,5416600.0,CVX
2024-07-11,155.0,156.67999267578125,154.22000122070312,155.25999450683594,153.54156494140625,8322500.0,CVX
2024-07-12,156.16000366210938,156.44000244140625,154.55999755859375,155.58999633789062,153.86790466308594,6446300.0,CVX
2024-07-15,156.9499969482422,159.52000427246094,156.3699951171875,158.0399932861328,156.29078674316406,5661200.0,CVX
2024-07-16,157.00999450683594,158.30999755859375,156.14999389648438,157.77000427246094,156.02378845214844,6924200.0,CVX
2024-07-17,158.5,161.47999572753906,158.2899932861328,161.22999572753906,159.4454803466797,7296600.0,CVX
2024-07-18,161.22999572753906,164.27999877929688,160.24000549316406,161.97000122070312,160.17730712890625,6577700.0,CVX
2024-07-19,162.47999572753906,162.6999969482422,158.41000366210938,159.14999389648438,157.3885040283203,6427700.0,CVX
2024-07-22,158.22000122070312,158.97999572753906,156.85000610351562,156.99000549316406,155.25242614746094,5577300.0,CVX
2024-07-23,156.35000610351562,156.60000610351562,153.83999633789062,154.08999633789062,152.38450622558594,6238700.0,CVX
2024-07-24,154.69000244140625,155.6999969482422,153.4199981689453,155.07000732421875,153.3536834716797,5971700.0,CVX
2024-07-25,155.3699951171875,158.25999450683594,154.6199951171875,157.5399932861328,155.79632568359375,5432100.0,CVX
2024-07-26,157.72999572753906,159.0399932861328,157.05999755859375,157.83999633789062,156.09300231933594,5232500.0,CVX
2024-07-29,158.25,158.25,154.86000061035156,156.60000610351562,154.8667449951172,5072000.0,CVX
2024-07-30,156.4600067138672,160.08999633789062,156.44000244140625,159.57000732421875,157.80386352539062,5740900.0,CVX
2024-07-31,161.69000244140625,161.69000244140625,160.0500030517578,160.47000122070312,158.69390869140625,6209200.0,CVX
2024-08-01,158.7100067138672,159.5,152.02999877929688,152.6199951171875,150.9307861328125,16689900.0,CVX
2024-08-02,151.1300048828125,152.0399932861328,147.02000427246094,148.5500030517578,146.9058380126953,13278600.0,CVX
2024-08-05,145.52000427246094,145.77000427246094,143.41000366210938,144.66000366210938,143.05889892578125,13037200.0,CVX
2024-08-06,144.49000549316406,145.08999633789062,143.1199951171875,143.22999572753906,141.64471435546875,9692700.0,CVX
2024-08-07,144.5800018310547,145.72999572753906,142.27999877929688,142.41000366210938,140.83380126953125,8867900.0,CVX
2024-08-08,143.07000732421875,144.82000732421875,142.7100067138672,144.49000549316406,142.89077758789062,7531100.0,CVX
2024-08-09,144.2100067138672,146.11000061035156,143.19000244140625,144.99000549316406,143.38523864746094,7653100.0,CVX
2024-08-12,145.83999633789062,146.74000549316406,139.69000244140625,145.02000427246094,143.41490173339844,8442200.0,CVX
2024-08-13,144.0800018310547,144.5500030517578,143.0500030517578,144.14999389648438,142.5545196533203,7794800.0,CVX
2024-08-14,144.38999938964844,145.24000549316406,143.42999267578125,144.6699981689453,143.0687713623047,5874200.0,CVX
2024-08-15,145.58999633789062,147.52000427246094,145.47999572753906,146.8000030517578,145.17520141601562,6304200.0,CVX
2024-08-16,146.0500030517578,147.6199951171875,145.63999938964844,147.27000427246094,145.63999938964844,6874400.0,CVX
2024-08-19,146.00999450683594,147.72999572753906,145.88999938964844,146.8300018310547,146.8300018310547,5967400.0,CVX
2024-08-20,146.3300018310547,146.50999450683594,144.55999755859375,144.69000244140625,144.69000244140625,7497600.0,CVX
2024-08-21,145.42999267578125,146.63999938964844,144.5500030517578,145.32000732421875,145.32000732421875,5985000.0,CVX
2024-08-22,145.35000610351562,146.3300018310547,145.1300048828125,145.72999572753906,145.72999572753906,4027000.0,CVX
2024-08-23,146.52999877929688,148.08999633789062,146.32000732421875,147.6199951171875,147.6199951171875,4824100.0,CVX
2024-08-26,148.97000122070312,150.08999633789062,147.5500030517578,148.5,148.5,5780300.0,CVX
2024-08-27,148.6699981689453,149.5500030517578,146.74000549316406,146.9499969482422,146.9499969482422,5100000.0,CVX
2024-08-28,146.44000244140625,147.13999938964844,145.47999572753906,146.0,146.0,5614400.0,CVX
2024-08-29,146.4600067138672,148.17999267578125,145.44000244140625,147.4199981689453,147.4199981689453,4466700.0,CVX
2024-08-30,146.22000122070312,148.0800018310547,145.6999969482422,147.9499969482422,147.9499969482422,6414800.0,CVX
2024-09-03,145.5500030517578,145.77000427246094,144.27999877929688,144.66000366210938,144.66000366210938,7944700.0,CVX
2024-09-04,144.63999938964844,145.52999877929688,141.6699981689453,142.07000732421875,142.07000732421875,9820700.0,CVX
2024-09-05,143.1699981689453,143.1699981689453,140.60000610351562,140.92999267578125,140.92999267578125,9371100.0,CVX
2024-09-06,141.07000732421875,142.11000061035156,137.8699951171875,138.55999755859375,138.55999755859375,7836400.0,CVX
2024-09-09,138.63999938964844,142.02000427246094,138.5399932861328,140.3000030517578,140.3000030517578,9892300.0,CVX
2024-09-10,140.89999389648438,141.0800018310547,137.08999633789062,138.22999572753906,138.22999572753906,8202500.0,CVX
2024-09-11,138.2100067138672,138.47999572753906,135.3699951171875,137.8800048828125,137.8800048828125,9534000.0,CVX
2024-09-12,138.22999572753906,139.47000122070312,137.4199981689453,139.2100067138672,139.2100067138672,6593400.0,CVX
2024-09-13,139.8699951171875,141.52999877929688,139.7100067138672,140.61000061035156,140.61000061035156,5900700.0,CVX
2024-09-16,141.69000244140625,143.1699981689453,141.07000732421875,142.08999633789062,142.08999633789062,6864300.0,CVX
2024-09-17,141.8000030517578,144.13999938964844,141.74000549316406,143.41000366210938,143.41000366210938,7338800.0,CVX
2024-09-18,143.32000732421875,145.60000610351562,143.19000244140625,143.9600067138672,143.9600067138672,6180300.0,CVX
2024-09-19,145.80999755859375,146.77999877929688,144.92999267578125,144.99000549316406,144.99000549316406,7247400.0,CVX
2024-09-20,145.22999572753906,145.91000366210938,143.44000244140625,145.67999267578125,145.67999267578125,23162900.0,CVX
2024-09-23,146.25,148.4199981689453,145.9499969482422,147.5399932861328,147.5399932861328,6960600.0,CVX
2024-09-24,148.8800048828125,149.10000610351562,146.91000366210938,147.4499969482422,147.4499969482422,6014200.0,CVX
2024-09-25,146.9499969482422,147.41000366210938,143.5,143.97000122070312,143.97000122070312,7888400.0,CVX
2024-09-26,140.89999389648438,143.22000122070312,140.6300048828125,141.99000549316406,141.99000549316406,8046200.0,CVX
2024-09-27,142.97999572753906,145.77000427246094,142.83999633789062,145.49000549316406,145.49000549316406,8047300.0,CVX
